dataset_name,lr,wd,n_knots,learn_bin_widths,min_likelihood
bike,0.01,0.0001,11,True,1e-05
bio,0.01,0.0001,21,True,1e-05
blog_data_og,0.05,0.0001,11,True,1e-05
community,0.005,0.0001,51,True,1e-05
concrete,0.01,0.0001,11,True,1e-05
meps_19_og,0.0005,0.0001,31,True,1e-05
meps_20_og,0.0005,0.0001,11,True,1e-05
meps_21_og,0.0005,0.0001,51,True,1e-05
star,0.0005,0.0001,31,True,1e-05
synth_het,0.0005,0.0001,21,True,1e-05
synthetic_bimodal,0.001,0.0001,31,True,1e-05
temperature,0.01,0.0001,51,True,1e-05
