dataset_name,lr,wd,n_knots,learn_bin_widths,min_f_bar_val
bike,0.01,0.0001,11,True,0.001
bio,0.005,0.0001,11,True,0.001
blog_data_og,0.0001,0.0001,11,True,0.001
community,0.0001,0.0001,11,True,0.001
concrete,0.005,0.0001,11,True,0.001
meps_19_og,0.0005,0.0001,51,True,0.001
meps_20_og,0.01,0.0001,51,True,0.001
meps_21_og,0.01,0.0001,51,True,0.001
star,0.0001,0.0001,11,True,0.001
synth_het,0.01,0.0001,21,True,0.001
synthetic_bimodal,0.0001,0.0001,11,True,0.001
temperature,0.01,0.0001,11,True,0.001
